{
  "Name": "Earth",
  "Mass": 5.97219E+24,
  "Radius": 637.101,
  "Obliquity": 0.0,
  "OrbitalSpeed": 0.0,
  "Colour": {
    "R": 1.0,
    "G": 0.647058845,
    "B": 0.0,
    "A": 1.0
  },
  "px": 9.857537E+10,
  "py": 1.10569751E+11,
  "pz": -5535771.5,
  "vx": -22732.5547,
  "vy": 19712.7461,
  "vz": 0.05786964
}