{
  "Name": "Jupiter",
  "Mass": 1.89813E+27,
  "Radius": 6991.1,
  "Obliquity": 0.0,
  "OrbitalSpeed": 0.0,
  "Colour": {
    "R": 1.0,
    "G": 0.647058845,
    "B": 0.0,
    "A": 1.0
  },
  "px": -3.7059258E+11,
  "py": -7.11731E+11,
  "pz": 1.12482724E+10,
  "vx": 11441.5117,
  "vy": -5422.948,
  "vz": -233.466614
}