{
  "Name": "Mars",
  "Mass": 6.4171E+23,
  "Radius": 338.992,
  "Obliquity": 0.0,
  "OrbitalSpeed": 0.0,
  "Colour": {
    "R": 1.0,
    "G": 0.647058845,
    "B": 0.0,
    "A": 1.0
  },
  "px": 2.05949846E+11,
  "py": 4.01760379E+10,
  "pz": -4.21170432E+09,
  "vx": -3713.36914,
  "vy": 25851.5332,
  "vz": 632.8147
}