{
  "Name": "Mercury",
  "Mass": 3.302E+23,
  "Radius": 244.0,
  "Obliquity": 0.0,
  "OrbitalSpeed": 0.0,
  "Colour": {
    "R": 1.0,
    "G": 0.647058845,
    "B": 0.0,
    "A": 1.0
  },
  "px": 5.3039104E+10,
  "py": -2.059139E+10,
  "pz": -6.54830438E+09,
  "vx": 8138.11328,
  "vy": 47609.918,
  "vz": 3143.79663
}