{
  "Name": "Moon",
  "Mass": 7.349E+22,
  "Radius": 173.753,
  "Obliquity": 0.0,
  "OrbitalSpeed": 0.0,
  "Colour": {
    "R": 1.0,
    "G": 0.647058845,
    "B": 0.0,
    "A": 1.0
  },
  "px": 9.855963E+10,
  "py": 1.10173757E+11,
  "pz": 1.269195E+07,
  "vx": -21746.8828,
  "vy": 19627.3633,
  "vz": -72.54988
}