{
  "Name": "Neptune",
  "Mass": 1.02413E+26,
  "Radius": 2462.4,
  "Obliquity": 0.0,
  "OrbitalSpeed": 0.0,
  "Colour": {
    "R": 1.0,
    "G": 0.647058845,
    "B": 0.0,
    "A": 1.0
  },
  "px": 4.32981672E+12,
  "py": -1.14359953E+12,
  "pz": -7.6246E+10,
  "vx": 1363.107,
  "vy": 5283.433,
  "vz": -139.8993
}