{
  "Name": "Saturn",
  "Mass": 5.6834E+26,
  "Radius": 5823.2,
  "Obliquity": 0.0,
  "OrbitalSpeed": 0.0,
  "Colour": {
    "R": 1.0,
    "G": 0.647058845,
    "B": 0.0,
    "A": 1.0
  },
  "px": 2.53584E+11,
  "py": -1.48370529E+12,
  "pz": 1.56968888E+10,
  "vx": 9003.475,
  "vy": 1594.2688,
  "vz": -386.464172
}