{
  "Name": "Uranus",
  "Mass": 8.6813E+25,
  "Radius": 2536.2,
  "Obliquity": 0.0,
  "OrbitalSpeed": 0.0,
  "Colour": {
    "R": 1.0,
    "G": 0.647058845,
    "B": 0.0,
    "A": 1.0
  },
  "px": 2.561124E+12,
  "py": 1.5080042E+12,
  "pz": -2.75640832E+10,
  "vx": -3493.754,
  "vy": 5545.623,
  "vz": 65.6448441
}