{
  "Name": "Venus",
  "Mass": 4.8685E+24,
  "Radius": 605.184,
  "Obliquity": 0.0,
  "OrbitalSpeed": 0.0,
  "Colour": {
    "R": 1.0,
    "G": 0.647058845,
    "B": 0.0,
    "A": 1.0
  },
  "px": 5.79529155E+10,
  "py": 9.11156756E+10,
  "pz": -2.09410854E+09,
  "vx": -29661.0723,
  "vy": 18641.2285,
  "vz": 1967.43921
}